TDSFU Daily run: Thu Oct 23 18:34:03 UTC 2025 TDSFU
TDSFU Daily run: Thu Oct 23 18:36:43 UTC 2025 TDSFU
TDSFU Daily run: Fri Oct 24 04:32:58 UTC 2025 TDSFU
TDSFU Daily run: Sat Oct 25 04:31:29 UTC 2025 TDSFU
TDSFU Daily run: Sun Oct 26 04:31:45 UTC 2025 TDSFU
TDSFU Daily run: Mon Oct 27 04:39:11 UTC 2025 TDSFU
TDSFU Daily run: Tue Oct 28 04:34:00 UTC 2025 TDSFU
TDSFU Daily run: Wed Oct 29 04:37:32 UTC 2025 TDSFU
TDSFU Daily run: Thu Oct 30 04:33:32 UTC 2025 TDSFU
TDSFU Daily run: Fri Oct 31 04:35:00 UTC 2025 TDSFU
TDSFU Daily run: Sat Nov  1 04:31:08 UTC 2025 TDSFU
TDSFU Daily run: Sun Nov  2 04:33:37 UTC 2025 TDSFU
TDSFU Daily run: Mon Nov  3 04:38:15 UTC 2025 TDSFU
TDSFU Daily run: Tue Nov  4 04:33:37 UTC 2025 TDSFU
TDSFU Daily run: Wed Nov  5 04:34:19 UTC 2025 TDSFU
